"submitter_id","vital_status","days_to_last_follow_up","days_to_death"
"TCGA-OR-A5JL","Alive",2056,NA
"TCGA-OR-A5J7","Dead",490,490
"TCGA-OR-A5J8","Dead",579,579
"TCGA-PK-A5H8","Alive",3623,NA
"TCGA-OR-A5KY","Dead",391,391
"TCGA-OR-A5JA","Dead",922,922
"TCGA-OR-A5JE","Dead",2105,2105
"TCGA-OU-A5PI","Alive",1171,NA
"TCGA-OR-A5JT","Alive",907,NA
"TCGA-OR-A5J1","Dead",1355,1355
"TCGA-OR-A5LH","Dead",2385,2385
"TCGA-OR-A5K5","Dead",498,498
"TCGA-OR-A5LM","Alive",1858,NA
"TCGA-OR-A5L6","Alive",861,NA
"TCGA-OR-A5LC","Dead",159,159
"TCGA-OR-A5JO","Alive",1194,NA
"TCGA-OR-A5KV","Alive",3878,NA
"TCGA-OR-A5K2","Dead",994,994
"TCGA-OR-A5J2","Dead",1677,1677
"TCGA-OR-A5LR","Alive",853,NA
"TCGA-OR-A5KW","Alive",2076,NA
"TCGA-OR-A5JK","Alive",1497,NA
"TCGA-OR-A5KZ","Dead",125,125
"TCGA-OR-A5KO","Alive",1414,NA
"TCGA-OR-A5LK","Alive",2740,NA
"TCGA-OR-A5JC","Dead",1750,1750
"TCGA-OR-A5L3","Alive",4628,NA
"TCGA-OR-A5LE","Dead",662,662
"TCGA-OR-A5L9","Alive",871,NA
"TCGA-OR-A5JB","Dead",551,551
"TCGA-OR-A5LG","Alive",1589,NA
"TCGA-OR-A5LP","Alive",1857,NA
"TCGA-OR-A5LD","Dead",1197,1197
"TCGA-OR-A5K9","Dead",344,344
"TCGA-OR-A5LB","Dead",1204,1204
"TCGA-OR-A5K0","Alive",1029,NA
"TCGA-OR-A5JF","Alive",2015,NA
"TCGA-OR-A5KT","Alive",2895,NA
"TCGA-OR-A5LT","Alive",549,NA
"TCGA-OR-A5L5","Alive",1317,NA
"TCGA-OR-A5KX","Alive",1364,NA
"TCGA-OR-A5JY","Dead",552,552
"TCGA-OR-A5JV","Alive",2023,NA
"TCGA-PK-A5HA","Alive",1201,NA
"TCGA-OR-A5KU","Alive",4673,NA
"TCGA-PA-A5YG","Alive",756,NA
"TCGA-OR-A5JX","Alive",950,NA
"TCGA-OR-A5JJ","Dead",490,490
"TCGA-OR-A5J5","Dead",365,365
"TCGA-PK-A5HB","Alive",1293,NA
"TCGA-PK-A5H9","Alive",616,NA
"TCGA-P6-A5OF","Dead",207,207
"TCGA-OR-A5JG","Dead",541,541
"TCGA-OR-A5L4","Alive",967,NA
"TCGA-OR-A5JW","Alive",2202,NA
"TCGA-OR-A5JR","Alive",3688,NA
"TCGA-OR-A5JS","Alive",383,NA
"TCGA-OR-A5JI","Alive",2331,NA
"TCGA-OR-A5J9","Alive",1352,NA
"TCGA-OR-A5K3","Alive",3465,NA
"TCGA-OR-A5J6","Alive",2703,NA
"TCGA-OR-A5K1","Alive",3289,NA
"TCGA-OR-A5LA","Alive",719,NA
"TCGA-OR-A5JM","Dead",562,562
"TCGA-OR-A5LJ","Dead",1105,1105
"TCGA-OR-A5LS","Alive",1096,NA
"TCGA-OR-A5J3","Alive",2091,NA
"TCGA-OR-A5JQ","Alive",1103,NA
"TCGA-OR-A5K8","Alive",749,NA
"TCGA-OR-A5LO","Dead",2405,2405
"TCGA-OR-A5JD","Alive",3038,NA
"TCGA-OR-A5K6","Alive",1493,NA
"TCGA-OR-A5K4","Alive",1082,NA
"TCGA-P6-A5OG","Dead",383,383
"TCGA-OR-A5JZ","Alive",822,NA
"TCGA-OR-A5JP","Alive",464,NA
"TCGA-OR-A5LL","Dead",1613,1613
"TCGA-OR-A5LN","Alive",2342,NA
"TCGA-OR-A5L8","Alive",885,NA
